mutation	score
N2I	0.38
N2K	0.74
N2S	1.11
N2T	0.0
N2Y	0.82
L3F	0.0
L3I	0.67
L3S	0.23
L3V	0.79
I4F	0.17
I4L	0.67
I4M	0.0
I4N	0.01
I4S	0.0
I4T	0.51
I4V	0.92
S5C	0.0
S5G	0.21
S5I	0.0
S5N	0.03
S5R	0.0
S5T	0.0
L6F	0.23
L6H	0.0
L6I	0.65
L6P	0.11
L6R	0.0
F7C	0.0
F7I	0.0
F7L	0.04
F7S	0.01
F7V	0.0
F7Y	0.25
S8A	0.79
S8L	0.0
S8P	0.37
S8T	0.72
G9A	0.0
G9C	0.06
G9D	0.0
G9R	0.0
G9S	0.0
G9V	0.0
A10E	0.0
A10P	0.0
A10S	0.57
A10T	0.41
A10V	0.68
G11A	0.0
G11E	0.0
G11R	0.0
G11V	0.0
G11W	0.0
G12A	0.0
G12E	0.0
G12R	0.0
G12V	0.0
L13F	0.16
L13I	0.2
L13S	0.12
L13V	0.0
D14E	0.64
D14G	0.27
D14H	0.0
D14N	0.01
D14V	0.02
D14Y	0.0
L15F	0.59
L15H	0.36
L15I	0.8
L15P	0.11
L15R	0.07
L15V	0.54
G16A	0.0
G16C	0.0
G16D	0.0
G16R	0.0
G16S	0.04
G16V	0.0
F17I	0.04
F17L	0.37
F17S	0.2
F17V	0.03
F17Y	0.0
Q18H	0.93
Q18K	0.79
Q18L	0.85
Q18P	0.0
Q18R	0.96
K19E	0.85
K19I	0.85
K19N	0.87
K19Q	0.49
K19R	0.87
K19T	0.86
A20E	0.18
A20G	0.0
A20P	0.0
A20S	0.68
A20T	0.39
A20V	0.69
G21E	0.56
G21R	0.23
G21V	0.0
F22C	0.52
F22I	0.0
F22L	0.39
F22S	0.33
F22V	0.0
F22Y	0.68
R23C	0.93
R23H	0.93
R23L	0.86
R23P	0.87
R23S	0.8
I24F	0.04
I24N	0.0
I24S	0.0
I24T	0.58
I24V	0.97
I25F	0.62
I25N	0.85
I25S	0.09
I25T	0.85
I25V	0.89
A26D	0.0
A26G	0.95
A26P	0.0
A26S	0.44
A26T	0.98
A26V	1.07
A27P	0.0
A27S	0.56
A27T	0.29
A27V	0.32
N28D	0.07
N28H	0.0
N28I	0.73
N28K	0.0
N28S	0.84
N28T	0.0
N28Y	0.76
E29D	0.89
E29G	0.11
E29K	0.0
E29Q	0.0
E29V	0.0
Y30C	0.92
Y30F	0.84
Y30H	0.69
Y30N	0.98
D31A	0.0
D31E	0.74
D31G	0.26
D31H	0.0
D31N	0.54
D31V	0.01
D31Y	0.0
K32E	0.93
K32I	0.81
K32N	0.79
K32R	0.73
K32T	0.66
S33A	0.46
S33L	0.77
S33P	0.4
S33T	0.93
I34K	0.05
I34L	0.57
I34M	0.81
I34T	0.74
I34V	0.79
W35C	0.33
W35G	0.0
W35L	0.5
W35R	0.3
W35S	0.0
K36E	0.92
K36I	0.8
K36N	0.74
K36Q	0.4
K36R	0.9
K36T	1.01
T37A	0.27
T37I	0.0
T37K	0.0
T37P	0.0
T37R	0.0
T37S	0.79
Y38C	0.28
Y38F	0.88
Y38H	0.49
Y38N	0.0
E39A	0.31
E39D	0.61
E39G	0.66
E39K	0.38
E39V	0.71
S40C	0.92
S40G	0.76
S40I	0.87
S40N	0.9
S40R	0.61
S40T	0.72
N41D	0.13
N41I	0.0
N41K	0.03
N41S	0.36
N41T	0.0
N41Y	1.16
H42D	0.0
H42L	0.51
H42N	0.67
H42Q	0.57
H42R	0.13
H42Y	0.28
S43A	1.1
S43L	0.89
S43P	0.92
S43T	1.0
A44D	0.14
A44G	0.92
A44P	0.77
A44S	0.79
A44T	0.89
A44V	0.76
K45E	1.07
K45I	0.85
K45N	0.94
K45R	0.81
K45T	0.17
L46F	0.49
L46M	0.86
L46S	0.1
L46V	0.57
L46W	0.0
I47F	0.84
I47M	0.3
I47N	0.66
I47S	0.0
I47T	0.41
I47V	0.68
K48E	0.54
K48I	0.34
K48N	0.45
K48Q	0.49
K48R	0.71
K48T	0.57
G49A	0.69
G49C	0.86
G49D	0.99
G49S	0.76
G49V	0.72
D50E	0.83
D50G	0.41
D50H	0.0
D50N	0.8
D50V	0.0
D50Y	0.0
I51K	0.0
I51L	0.84
I51M	0.07
I51T	0.13
I51V	0.79
S52A	1.18
S52C	0.79
S52F	0.88
S52P	0.19
S52T	1.0
S52Y	0.39
K53E	0.82
K53I	0.74
K53N	0.65
K53Q	0.0
K53R	0.87
K53T	0.0
I54F	0.4
I54L	1.05
I54M	0.8
I54N	0.0
I54S	0.0
I54T	0.79
I54V	0.99
S55F	0.64
S55P	0.98
S55T	0.67
S55Y	0.42
S56L	0.61
S56P	0.88
S56T	0.51
D57A	0.0
D57E	0.96
D57G	0.82
D57H	0.73
D57N	0.77
D57V	0.73
D57Y	0.63
E58A	0.21
E58D	0.96
E58G	0.65
E58K	0.94
E58Q	0.0
E58V	0.83
F59C	0.0
F59I	0.87
F59L	0.79
F59S	0.15
F59V	0.0
F59Y	0.29
P60H	0.42
P60L	0.03
P60S	0.52
P60T	0.01
K61E	0.91
K61M	0.86
K61N	0.97
K61Q	0.68
K61R	0.95
K61T	0.89
C62F	0.09
C62G	0.89
C62R	0.16
C62S	0.72
C62W	0.0
C62Y	0.14
D63A	0.42
D63E	0.79
D63G	0.61
D63H	0.53
D63N	0.4
D63V	0.8
D63Y	0.69
G64A	0.23
G64E	0.0
G64R	0.0
G64V	0.0
I65F	0.21
I65L	0.76
I65N	0.0
I65S	0.0
I65T	0.12
I65V	0.91
I66F	0.0
I66M	0.0
I66N	0.0
I66T	0.0
I66V	0.96
G67E	0.0
G67R	0.0
G67V	0.0
G67W	0.0
G68A	0.0
G68E	0.01
G68R	0.0
G68V	0.0
G68W	0.0
P69A	0.0
P69L	0.14
P69Q	0.0
P69S	0.18
P69T	0.34
P70H	0.0
P70L	0.0
P70S	0.13
P70T	0.0
C71F	0.0
C71G	0.0
C71R	0.1
C71S	0.0
C71W	0.0
C71Y	0.0
Q72E	0.0
Q72H	0.15
Q72K	0.49
Q72L	0.0
Q72P	0.0
Q72R	0.13
S73C	0.0
S73F	0.0
S73P	0.86
S73T	0.61
S73Y	0.0
W74C	0.0
W74G	0.0
W74L	0.0
W74R	0.05
W74S	0.0
S75C	0.22
S75G	0.17
S75I	0.0
S75N	0.0
S75R	0.0
S75T	0.0
E76A	0.74
E76D	0.46
E76G	0.52
E76K	0.37
E76V	0.93
G77A	0.62
G77E	0.0
G77R	0.18
G77V	0.43
G77W	0.0
G78A	0.0
G78E	0.0
G78R	0.0
G78V	0.0
S79F	0.71
S79P	0.48
S79T	0.88
S79Y	0.71
L80F	0.73
L80H	0.86
L80I	0.31
L80P	0.3
L80R	0.53
R81G	0.37
R81I	0.28
R81K	0.82
R81S	0.72
G82A	0.0
G82E	0.0
G82R	0.0
G82V	0.0
I83F	0.73
I83L	0.21
I83M	1.0
I83N	0.34
I83S	0.0
I83T	0.43
I83V	0.72
D84E	0.88
D84G	0.69
D84H	1.12
D84N	0.89
D84V	0.48
D84Y	0.46
D85A	0.0
D85E	0.49
D85G	0.11
D85N	0.03
D85V	0.0
D85Y	0.0
P86A	1.11
P86H	0.69
P86L	0.9
P86R	0.84
P86S	1.09
P86T	0.67
R87G	0.0
R87L	0.63
R87Q	0.34
R87W	0.06
G88A	0.0
G88C	0.0
G88D	0.13
G88R	0.0
G88S	0.08
G88V	0.0
K89E	0.59
K89I	0.76
K89N	0.28
K89R	0.85
K89T	0.0
L90F	0.41
L90H	0.41
L90I	0.0
L90P	0.12
L90R	0.0
L90V	0.6
F91C	0.0
F91I	0.87
F91L	0.53
F91S	0.0
F91V	0.27
F91Y	0.41
Y92C	0.89
Y92F	0.83
Y92H	0.54
Y92N	0.0
E93A	0.0
E93D	0.69
E93G	0.33
E93K	0.0
E93Q	0.87
E93V	0.02
Y94C	0.08
Y94F	0.57
Y94H	0.26
Y94N	0.0
Y94S	0.0
I95F	0.62
I95M	0.0
I95N	0.53
I95S	0.0
I95T	0.77
I95V	0.95
R96G	0.0
R96L	0.1
R96P	0.0
R96Q	0.28
R96W	0.28
I97F	0.64
I97M	0.49
I97N	0.03
I97S	0.0
I97T	0.52
I97V	0.77
L98F	0.31
L98I	0.86
L98S	0.03
L98V	0.65
K99E	0.84
K99I	0.72
K99N	0.88
K99Q	1.09
K99R	0.88
K99T	0.45
Q100E	1.06
Q100H	0.9
Q100K	0.12
Q100L	0.7
Q100R	1.01
K101E	0.31
K101I	0.73
K101N	0.83
K101Q	0.78
K101R	0.88
K101T	0.97
K102E	0.95
K102I	1.15
K102N	0.41
K102Q	1.07
K102R	0.8
K102T	1.01
P103A	0.0
P103L	0.25
P103Q	0.0
P103S	0.63
P103T	0.54
K104E	0.66
K104I	0.99
K104N	0.97
K104Q	0.94
K104R	1.06
K104T	0.88
F105I	0.24
F105L	0.2
F105S	0.16
F105V	0.0
F105Y	0.2
F106C	0.0
F106I	0.06
F106L	0.28
F106S	0.09
F106V	0.0
F106Y	0.35
L107F	0.16
L107H	0.0
L107I	0.25
L107P	0.1
L107R	0.0
A108D	0.0
A108G	0.0
A108P	0.0
A108S	0.02
A108T	0.58
A108V	0.73
E109D	0.0
E109G	0.0
E109K	0.03
E109V	0.0
N110D	0.08
N110H	0.0
N110I	0.0
N110K	0.0
N110S	0.52
N110T	0.1
N110Y	0.0
V111A	0.22
V111D	0.0
V111F	0.0
V111G	0.0
V111I	0.29
V111L	0.0
K112E	0.49
K112I	0.76
K112N	0.56
K112R	0.91
K112T	0.34
G113A	0.0
G113E	0.0
G113R	0.0
G113V	0.0
M114I	0.7
M114K	0.0
M114L	0.26
M114T	0.09
M114V	0.23
L115M	0.84
L115P	0.09
L115Q	0.47
L115R	0.21
L115V	0.13
A116D	0.57
A116G	0.36
A116P	0.0
A116S	0.52
A116T	0.71
A116V	0.52
Q117H	0.71
Q117K	0.85
Q117L	0.85
Q117P	0.5
Q117R	0.96
R118C	0.59
R118G	0.11
R118H	0.36
R118L	0.46
R118P	0.34
R118S	0.51
H119L	0.06
H119N	0.36
H119Q	0.3
H119R	0.07
H119Y	0.43
N120D	0.89
N120I	0.96
N120K	0.99
N120S	1.1
N120T	1.19
N120Y	0.97
K121E	0.94
K121M	0.69
K121N	0.8
K121Q	1.02
K121R	0.97
K121T	0.59
A122D	0.71
A122G	0.19
A122P	0.93
A122S	0.71
A122T	0.64
A122V	0.74
V123A	0.33
V123D	0.0
V123F	0.2
V123G	0.14
V123I	0.74
V123L	0.92
Q124H	0.74
Q124K	0.84
Q124L	0.78
Q124P	0.0
Q124R	0.96
E125A	0.84
E125D	0.93
E125G	1.11
E125K	0.81
E125Q	0.0
E125V	0.81
F126C	0.4
F126I	0.91
F126L	0.92
F126S	0.08
F126V	0.0
F126Y	0.27
I127F	0.71
I127N	0.8
I127S	1.03
I127T	1.06
I127V	0.92
Q128E	0.12
Q128H	0.87
Q128K	0.56
Q128L	0.77
Q128P	0.0
Q128R	1.1
E129D	1.0
E129G	0.63
E129K	0.92
E129V	0.41
F130C	0.55
F130I	0.51
F130L	0.71
F130S	0.42
F130V	0.0
F130Y	0.57
D131E	0.79
D131G	0.67
D131H	1.0
D131N	0.76
D131V	1.12
D131Y	0.86
N132D	0.92
N132I	0.77
N132K	1.0
N132S	0.91
N132T	0.94
N132Y	0.67
A133D	0.58
A133G	0.51
A133P	0.0
A133S	0.76
A133T	0.9
A133V	0.76
G134A	0.54
G134E	0.79
G134R	0.79
G134V	0.15
Y135C	0.05
Y135F	0.9
Y135H	0.23
Y135N	0.0
D136E	0.65
D136G	0.83
D136H	1.02
D136N	0.85
D136V	0.81
D136Y	0.95
V137A	0.59
V137D	0.0
V137F	0.15
V137G	0.0
V137I	0.82
V137L	0.98
H138D	1.06
H138L	0.6
H138N	0.75
H138Q	0.86
H138R	0.91
H138Y	0.89
I139F	0.95
I139N	0.76
I139S	0.79
I139T	0.87
I139V	1.17
I140F	0.85
I140L	0.79
I140M	1.14
I140N	1.09
I140S	1.12
I140T	0.84
I140V	0.98
L141F	0.53
L141M	1.0
L141S	0.54
L141V	0.89
L141W	0.0
L142F	0.74
L142H	0.77
L142I	0.53
L142P	0.46
L142R	0.19
L142V	0.4
N143D	0.49
N143I	0.0
N143K	0.0
N143S	0.25
N143T	0.0
N143Y	0.59
A144E	0.0
A144G	0.09
A144S	0.54
A144T	0.06
A144V	0.12
N145D	0.23
N145H	0.01
N145I	0.66
N145K	0.78
N145S	0.83
N145T	0.1
N145Y	0.83
D146E	0.62
D146G	0.4
D146H	0.32
D146N	1.0
D146V	0.14
D146Y	0.04
Y147C	0.34
Y147F	0.99
Y147H	0.72
Y147N	0.0
G148A	0.64
G148C	0.71
G148D	0.68
G148R	0.19
G148S	0.84
G148V	0.09
V149A	0.66
V149E	0.85
V149G	0.0
V149I	0.79
V149L	0.8
A150D	0.0
A150G	0.73
A150P	0.95
A150S	0.61
A150T	0.07
A150V	0.16
Q151H	0.0
Q151K	0.0
Q151L	0.0
Q151P	0.0
Q151R	0.06
D152E	0.62
D152G	0.49
D152H	0.81
D152N	0.58
D152V	1.07
D152Y	0.25
R153G	0.07
R153I	0.0
R153K	0.0
R153S	0.0
K154E	0.78
K154I	0.63
K154N	0.91
K154Q	0.69
K154R	0.78
K154T	0.58
R155C	0.0
R155G	0.0
R155H	0.0
R155L	0.0
R155P	0.0
R155S	0.0
V156A	0.57
V156D	0.0
V156F	0.0
V156G	0.16
V156I	0.72
V156L	0.32
F157C	0.44
F157I	0.56
F157L	0.61
F157S	0.08
F157V	0.17
F157Y	0.0
Y158C	0.43
Y158F	0.96
Y158H	0.1
I159F	0.12
I159L	0.47
I159N	0.02
I159S	0.0
I159T	0.3
I159V	0.94
G160A	0.3
G160C	0.0
G160D	0.0
G160R	0.0
G160S	0.2
G160V	0.0
F161C	0.08
F161I	0.19
F161L	0.38
F161S	0.21
F161V	0.0
F161Y	0.24
R162G	1.09
R162I	0.75
R162K	0.74
R162S	0.97
K163E	0.78
K163I	0.62
K163N	0.89
K163Q	0.85
K163R	0.97
K163T	1.04
E164D	0.37
E164G	0.86
E164K	0.78
E164V	0.85
L165F	0.8
L165I	0.89
L165S	0.67
L165V	0.35
N166D	0.83
N166H	1.21
N166I	0.73
N166K	0.67
N166S	0.92
N166T	0.58
N166Y	0.43
I167K	0.5
I167L	0.95
I167M	0.65
I167T	0.53
I167V	0.87
N168D	0.75
N168H	0.9
N168I	0.82
N168K	1.05
N168S	0.71
N168T	0.78
N168Y	0.72
Y169C	0.0
Y169F	0.78
Y169H	0.57
Y169N	0.0
L170F	0.56
L170H	0.88
L170I	0.87
L170P	0.81
L170R	0.61
P171A	0.39
P171L	0.6
P171Q	0.68
P171S	0.72
P171T	0.77
P172A	0.22
P172H	0.18
P172L	0.44
P172R	0.0
P172S	0.41
P172T	0.04
I173F	0.67
I173L	0.98
I173M	0.95
I173N	0.78
I173S	0.47
I173T	0.93
I173V	1.04
P174A	0.66
P174L	0.21
P174Q	0.58
P174S	0.67
P174T	0.64
H175D	0.64
H175L	0.8
H175N	0.45
H175P	0.2
H175Q	0.96
H175R	0.86
H175Y	0.91
L176F	0.42
L176M	0.79
L176S	1.02
L176V	1.05
L176W	0.65
I177K	0.83
I177L	0.81
I177M	0.64
I177T	0.89
I177V	0.71
K178E	0.3
K178M	0.54
K178N	0.36
K178Q	0.51
K178R	0.87
K178T	0.45
P179A	0.18
P179L	0.84
P179Q	0.26
P179R	0.21
P179S	0.62
P179T	0.1
T180A	0.82
T180I	0.51
T180K	0.68
T180P	0.89
T180R	0.39
T180S	0.8
L181F	0.92
L181M	0.75
L181S	0.24
L181V	0.0
L181W	0.0
K182E	0.71
K182M	0.83
K182N	0.33
K182R	0.91
K182T	0.32
D183A	0.0
D183E	0.45
D183G	0.41
D183N	0.68
D183V	0.0
D183Y	0.09
V184A	0.9
V184D	0.22
V184F	0.35
V184G	0.0
V184I	0.76
V184L	0.48
I185F	0.44
I185M	0.89
I185N	0.0
I185S	0.0
I185T	0.16
I185V	0.31
W186C	0.26
W186G	0.45
W186L	0.46
W186R	0.24
W186S	0.48
D187E	0.78
D187G	0.56
D187H	0.0
D187N	0.6
D187V	0.45
D187Y	0.12
L188F	0.23
L188H	0.0
L188I	0.68
L188P	0.11
L188R	0.0
K189E	0.36
K189M	0.68
K189N	0.59
K189R	0.99
K189T	0.61
D190E	0.94
D190G	0.89
D190N	0.95
D190V	0.46
D190Y	0.49
N191D	0.61
N191I	0.88
N191K	0.74
N191S	1.11
N191T	0.96
N191Y	0.86
P192A	1.12
P192L	0.19
P192Q	0.61
P192R	0.0
P192S	0.89
P192T	0.16
I193F	0.61
I193L	1.09
I193M	0.82
I193N	0.41
I193S	0.66
I193T	0.63
I193V	1.08
P194A	0.36
P194L	0.34
P194Q	0.5
P194R	0.8
P194S	0.64
P194T	0.39
A195D	0.01
A195G	0.85
A195P	0.28
A195S	0.67
A195T	0.1
A195V	0.01
L196F	0.42
L196I	0.66
L196S	0.87
L196V	0.61
D197E	0.77
D197G	0.9
D197H	0.94
D197N	0.73
D197V	0.82
D197Y	0.56
K198E	0.82
K198I	0.51
K198N	0.83
K198Q	0.0
K198R	0.93
K198T	0.51
N199D	0.72
N199H	0.0
N199I	0.0
N199K	0.0
N199S	0.41
N199T	0.0
N199Y	0.21
K200E	0.3
K200I	0.67
K200N	0.9
K200R	0.95
K200T	0.28
T201A	0.59
T201I	0.0
T201P	0.12
T201R	0.49
T201S	0.81
N202D	0.17
N202H	0.43
N202I	0.06
N202K	0.54
N202S	0.59
N202T	0.0
N202Y	0.19
G203A	0.68
G203C	0.08
G203D	0.67
G203R	0.0
G203S	0.66
G203V	0.0
N204D	1.03
N204I	0.66
N204K	0.94
N204S	0.93
N204T	0.78
N204Y	0.04
K205E	0.86
K205I	0.5
K205N	1.0
K205R	0.88
K205T	0.44
C206F	0.0
C206G	0.0
C206R	0.47
C206S	0.37
C206W	0.16
C206Y	0.31
I207F	0.9
I207M	0.31
I207N	1.01
I207S	0.78
I207T	0.83
I207V	0.82
Y208C	0.94
Y208F	0.86
Y208H	0.86
Y208N	0.65
P209H	0.64
P209L	0.49
P209R	0.86
P209S	0.57
P209T	0.4
N210D	0.14
N210I	0.0
N210K	0.0
N210S	0.51
N210T	0.0
N210Y	0.0
H211L	0.0
H211P	0.0
H211Q	0.0
H211R	0.09
H211Y	0.0
E212A	0.0
E212D	0.0
E212G	0.17
E212K	0.01
E212V	0.0
Y213C	0.21
Y213F	0.8
Y213H	0.26
Y213N	0.0
F214C	0.34
F214I	0.39
F214L	0.55
F214S	0.42
F214V	0.09
F214Y	0.91
I215K	0.74
I215L	0.75
I215M	0.97
I215T	0.81
I215V	0.88
G216A	0.57
G216E	0.48
G216R	0.0
G216V	0.0
S217A	0.0
S217L	0.46
S217P	0.87
S217T	0.91
Y218C	0.48
Y218F	0.89
Y218H	0.5
Y218N	0.0
S219A	0.0
S219L	0.0
S219P	0.21
S219T	0.47
T220A	0.76
T220I	0.37
T220K	0.0
T220P	1.17
T220R	0.9
T220S	1.14
I221F	0.34
I221L	0.94
I221M	1.01
I221N	0.32
I221S	0.0
I221T	0.45
I221V	0.69
F222C	0.0
F222I	0.0
F222L	0.03
F222S	0.12
F222V	0.0
F222Y	0.94
M223I	0.19
M223K	0.34
M223L	0.68
M223T	0.49
M223V	0.38
S224C	0.05
S224G	0.51
S224I	0.0
S224N	0.0
S224R	0.0
S224T	0.65
R225G	0.1
R225I	0.0
R225K	0.0
R225S	0.0
N226D	0.28
N226H	0.0
N226I	0.0
N226K	0.0
N226S	0.32
N226T	0.0
N226Y	0.0
R227C	0.0
R227G	0.0
R227H	0.01
R227L	0.0
R227P	0.0
R227S	0.0
V228A	0.41
V228D	0.0
V228F	0.0
V228G	0.0
V228I	0.43
V228L	0.04
R229G	0.37
R229I	0.0
R229K	0.59
R229S	0.14
R229T	0.0
Q230E	0.51
Q230H	0.79
Q230K	0.63
Q230L	0.76
Q230P	0.42
Q230R	0.84
W231C	0.01
W231G	0.0
W231L	0.0
W231R	0.04
W231S	0.0
N232D	1.01
N232H	0.88
N232I	0.41
N232K	0.55
N232S	0.72
N232T	0.72
N232Y	0.72
E233A	0.4
E233D	0.8
E233G	0.45
E233K	0.32
E233V	0.34
P234A	0.85
P234L	0.62
P234Q	0.27
P234R	0.14
P234S	0.49
P234T	0.34
A235E	0.0
A235G	0.42
A235P	0.0
A235S	0.63
A235T	0.08
A235V	0.0
F236C	0.45
F236I	0.0
F236L	0.33
F236S	0.27
F236V	0.18
F236Y	0.66
T237A	0.73
T237I	0.0
T237K	0.0
T237P	0.0
T237R	0.0
T237S	0.17
V238A	0.32
V238D	0.0
V238F	0.0
V238G	0.0
V238I	0.88
V238L	0.11
Q239E	0.0
Q239H	0.3
Q239K	0.0
Q239L	0.93
Q239P	0.0
Q239R	0.22
A240E	0.0
A240G	0.4
A240S	0.55
A240T	0.05
A240V	0.0
S241A	0.0
S241C	0.0
S241F	0.0
S241P	0.12
S241T	1.04
S241Y	0.01
G242A	1.04
G242E	0.09
G242R	0.0
G242V	0.28
R243G	0.0
R243L	0.0
R243P	0.0
R243Q	0.36
Q244E	0.0
Q244H	1.12
Q244K	0.0
Q244L	0.14
Q244P	0.0
Q244R	0.48
C245F	0.0
C245G	0.0
C245R	0.09
C245S	0.57
C245W	0.0
C245Y	0.0
Q246E	0.0
Q246H	0.05
Q246K	0.0
Q246L	0.0
Q246P	0.0
Q246R	0.12
L247F	0.45
L247I	0.78
L247S	0.05
L247V	0.0
H248D	0.0
H248L	0.0
H248N	0.0
H248P	0.0
H248Q	0.0
H248R	0.15
H248Y	0.0
P249A	0.0
P249H	0.0
P249L	0.0
P249R	0.0
P249S	0.17
P249T	0.0
Q250H	0.36
Q250K	0.75
Q250L	0.21
Q250P	0.0
Q250R	0.37
A251D	0.0
A251G	0.04
A251S	0.44
A251T	0.03
A251V	0.3
P252H	0.31
P252L	0.3
P252R	0.0
P252S	0.28
P252T	0.0
V253A	0.78
V253E	0.53
V253G	1.04
V253I	0.91
V253L	0.66
M254I	0.0
M254K	0.0
M254L	0.33
M254R	0.0
M254T	0.24
M254V	0.2
L255F	0.9
L255I	0.91
L255S	0.7
L255V	0.99
K256E	0.7
K256I	0.21
K256N	0.61
K256Q	0.52
K256R	0.95
K256T	0.38
V257A	0.53
V257D	0.53
V257F	0.0
V257G	0.0
V257I	0.51
V257L	0.13
S258C	0.46
S258G	0.83
S258I	0.0
S258N	0.83
S258R	0.57
S258T	0.78
K259E	0.89
K259I	0.35
K259N	0.65
K259R	0.85
K259T	0.66
N260D	0.92
N260H	0.0
N260I	0.53
N260K	0.2
N260S	0.63
N260T	0.81
N260Y	0.41
L261F	0.28
L261I	0.21
L261S	0.63
N262D	0.0
N262H	1.28
N262I	0.0
N262K	0.13
N262S	1.03
N262T	0.98
N262Y	1.36
K263E	0.89
K263I	0.48
K263N	0.37
K263R	0.59
K263T	0.5
F264C	0.0
F264I	0.0
F264L	0.14
F264S	0.16
F264V	0.0
F264Y	0.06
V265A	0.74
V265D	0.26
V265F	0.0
V265G	0.0
V265I	0.56
E266D	0.98
E266G	0.79
E266K	0.7
E266V	0.61
G267E	0.73
G267R	0.7
G267V	0.0
K268E	0.75
K268I	0.23
K268N	0.66
K268Q	0.76
K268R	0.89
K268T	0.72
E269D	0.55
E269G	0.54
E269K	0.62
E269Q	0.0
E269V	0.68
H270D	0.88
H270L	0.4
H270N	0.01
H270P	0.0
H270Q	0.77
H270R	0.71
H270Y	0.98
L271F	0.26
L271I	0.26
L271S	0.4
L271V	0.75
Y272C	0.12
Y272F	0.15
Y272H	0.33
Y272N	0.0
R273C	0.0
R273G	0.0
R273H	0.24
R273L	0.0
R273P	0.0
R273S	0.0
R274G	0.16
R274I	0.0
R274K	0.05
R274S	0.0
R274T	0.0
L275I	0.02
L275P	0.08
L275Q	0.0
L275R	0.0
L275V	0.0
T276A	0.22
T276K	0.0
T276M	0.01
T276P	0.0
T276R	0.0
T276S	0.75
V277A	0.45
V277D	0.0
V277F	0.0
V277G	0.0
V277I	0.92
V277L	0.51
R278L	0.01
R278Q	0.08
R278W	0.01
E279D	0.14
E279G	0.14
E279K	0.0
E279Q	0.0
E279V	0.0
C280F	0.0
C280G	0.0
C280R	0.06
C280S	0.22
C280W	0.0
C280Y	0.06
A281E	0.0
A281G	0.21
A281S	0.0
A281T	0.01
A281V	0.04
R282G	0.0
R282L	0.04
R282Q	0.39
V283A	0.4
V283E	0.0
V283G	0.0
V283L	1.09
V283M	0.31
Q284E	0.0
Q284H	0.05
Q284K	0.0
Q284L	0.01
Q284P	0.0
Q284R	0.07
G285E	0.3
G285R	0.0
G285V	0.0
F286C	0.0
F286I	0.0
F286L	0.09
F286S	0.16
F286V	0.0
F286Y	0.04
P287A	0.0
P287L	0.2
P287Q	0.34
P287R	0.0
P287S	0.78
P287T	0.48
D288A	0.19
D288E	0.44
D288G	0.24
D288H	0.0
D288N	0.66
D288V	0.0
D288Y	0.0
D289E	0.89
D289G	0.51
D289N	0.91
D289V	0.33
D289Y	0.0
F290C	0.09
F290I	0.04
F290L	0.29
F290S	0.1
F290V	0.28
F290Y	0.82
I291F	0.7
I291M	0.9
I291N	0.78
I291S	0.95
I291T	0.71
I291V	1.04
F292C	0.0
F292I	0.66
F292L	0.7
F292S	0.16
F292V	0.32
F292Y	0.04
H293D	1.09
H293L	0.17
H293N	0.55
H293Q	0.78
H293R	0.75
H293Y	1.02
Y294C	0.37
Y294F	0.09
Y294H	0.16
Y294N	0.0
Y294S	0.0
E295D	1.02
E295G	0.79
E295K	0.81
E295V	0.99
S296C	0.93
S296G	0.88
S296I	0.41
S296N	1.02
S296R	1.02
S296T	0.59
L297F	0.0
L297M	0.64
L297S	0.29
L297V	0.45
L297W	0.0
N298D	0.81
N298H	0.9
N298I	0.63
N298K	0.59
N298S	0.84
N298T	0.97
N298Y	0.51
D299E	0.76
D299G	0.28
D299N	0.89
D299V	0.65
D299Y	0.0
G300A	0.89
G300C	0.1
G300D	0.0
G300R	0.0
G300S	0.17
G300V	0.1
Y301C	0.1
Y301D	0.0
Y301F	0.0
Y301H	0.32
Y301N	0.0
K302E	0.04
K302I	0.28
K302N	0.36
K302R	0.89
K302T	0.45
M303I	0.29
M303K	0.0
M303L	0.26
M303T	0.13
M303V	0.27
I304F	0.0
I304L	0.13
I304M	0.0
I304N	0.0
I304T	0.59
I304V	0.94
G305A	0.0
G305C	0.0
G305D	0.0
G305S	0.03
G305V	0.0
N306D	0.19
N306I	0.0
N306K	0.0
N306S	0.17
N306T	0.0
N306Y	0.0
A307D	0.0
A307G	0.69
A307P	0.0
A307S	0.51
A307T	0.06
A307V	0.18
V308A	0.49
V308E	0.0
V308G	0.0
V308L	0.0
V308M	0.2
P309A	0.0
P309H	0.04
P309L	0.0
P309R	0.0
P309S	0.44
P309T	0.0
V310A	0.28
V310E	0.0
V310G	0.0
V310I	1.05
V310L	0.53
N311D	0.6
N311I	0.79
N311K	0.83
N311S	0.93
N311T	0.6
N311Y	0.55
L312F	0.38
L312I	0.39
L312S	0.03
L312V	0.51
A313E	0.0
A313G	0.48
A313P	0.0
A313S	0.61
A313T	0.29
A313V	0.35
Y314C	0.8
Y314F	0.94
Y314H	0.75
Y314N	0.59
E315A	0.26
E315D	0.77
E315G	0.53
E315K	0.51
E315V	0.73
I316K	0.0
I316L	0.89
I316M	0.87
I316T	0.4
I316V	0.88
A317D	0.0
A317G	0.96
A317P	0.0
A317S	0.51
A317T	0.0
A317V	0.0
K318E	0.78
K318M	0.79
K318N	0.78
K318R	1.04
K318T	0.89
T319A	0.54
T319I	0.33
T319K	0.13
T319P	0.0
T319R	0.38
T319S	0.92
I320K	0.0
I320L	0.64
I320M	0.55
I320T	0.27
I320V	0.8
K321E	0.79
K321I	0.69
K321N	0.67
K321Q	0.8
K321R	0.9
K321T	0.72
S322A	0.71
S322C	0.91
S322F	0.83
S322P	0.6
S322T	0.98
S322Y	0.93
A323E	0.0
A323G	0.7
A323P	0.48
A323S	0.67
A323T	0.77
A323V	0.81
L324F	1.11
L324M	0.85
L324S	0.59
L324V	0.54
L324W	1.01
E325D	1.13
E325G	0.92
E325K	0.98
E325V	0.78
I326F	0.98
I326L	0.93
I326N	1.01
I326S	0.93
I326T	0.91
I326V	0.99
R327C	0.97
R327G	0.53
R327H	0.82
R327L	0.84
R327P	0.95
R327S	0.96
K328E	0.8
K328I	0.76
K328N	0.82
K328Q	0.18
K328R	0.91
K328T	0.77
G329A	0.91
G329C	0.8
G329D	0.9
G329R	0.75
G329S	0.92
G329V	0.72
N330D	0.79
N330I	0.86
N330K	0.89
N330S	0.8
N330T	0.95
N330Y	0.66
